Type,EDI_Std_Nomenclature,AISC_Manual_Label,T_F,W,,A,d,ddet,Ht,h,OD,bf,bfdet,B,b,ID,tw,twdet,twdet/2,tf,tfdet,t,tnom,tdes,kdes,kdet,k1,x,y,eo,xp,yp,bf/2tf,b/t,b/tdes,h/tw,h/tdes,D/t,Ix,Zx,Sx,rx,Iy,Zy,Sy,ry,Iz,rz,Sz,J,Cw,C,Wno,Sw1,Sw2,Sw3,Qf,Qw,ro,H,tan(α),Iw,zA,zB,zC,wA,wB,wC,SwA,SwB,SwC,SzA,SzB,SzC,rts,ho,PA,PA2,PB,PC,PD,T,WGi,WGo,EDI_Std_Nomenclature,AISC_Manual_Label,W,A,d,ddet,Ht,h,OD,bf,bfdet,B,b,ID,tw,twdet,twdet/2,tf,tfdet,t,tnom,tdes,kdes,kdet,k1,x,y,eo,xp,yp,bf/2tf,b/t,b/tdes,h/tw,h/tdes,D/t,Ix,Zx,Sx,rx,Iy,Zy,Sy,ry,Iz,rz,Sz,J,Cw,C,Wno,Sw1,Sw2,Sw3,Qf,Qw,ro,H,tan(α),Iw,zA,zB,zC,wA,wB,wC,SwA,SwB,SwC,SzA,SzB,SzC,rts,ho,PA,PA2,PB,PC,PD,T,WGi,WGo
HSS,HSS1-1/2X1-1/2X.125,HSS1-1/2X1-1/2X1/8,–,2.20,0.000,0.608,–,–,1.50,1.15,–,–,–,1.50,1.15,–,–,–,–,–,–,–,0.125,0.116,–,–,–,–,–,–,–,–,–,–,9.93,–,9.93,–,0.188,0.309,0.251,0.557,0.188,0.309,0.251,0.557,–,–,–,0.316,–,0.438,–,–,–,–,–,–,–,–,–,–,–,–,–,–,–,–,–,–,–,–,–,–,–,–,–,–,–,–,–,–,–,–,HSS38.1X38.1X3.2,HSS38.1X38.1X3.2,3.27,392,–,–,38.1,29.2,–,–,–,38.1,29.2,–,–,–,–,–,–,–,3.18,2.95,–,–,–,–,–,–,–,–,–,–,9.93,–,9.93,–,0.0783,5.06,4.11,14.1,0.0783,5.06,4.11,14.1,–,–,–,132,–,7.18,–,–,–,–,–,–,–,–,–,–,–,–,–,–,–,–,–,–,–,–,–,–,–,–,–,–,–,–,–,–,–,–
HSS,HSS2X1X.125,HSS2X1X1/8,–,2.20,,0.608,–,–,2.00,1.65,–,–,–,1.00,0.652,–,–,–,–,–,–,–,0.125,0.116,–,–,–,–,–,–,–,–,–,–,5.62,–,14.2,–,0.280,0.366,0.280,0.679,0.0922,0.223,0.184,0.390,–,–,–,0.238,–,0.380,–,–,–,–,–,–,–,–,–,–,–,–,–,–,–,–,–,–,–,–,–,–,–,–,–,–,–,–,–,–,–,–,HSS50.8X25.4X3.2,HSS50.8X25.4X3.2,3.26,392,–,–,50.8,41.9,–,–,–,25.4,16.6,–,–,–,–,–,–,–,3.18,2.95,–,–,–,–,–,–,–,–,–,–,5.62,–,14.2,–,0.117,6.00,4.59,17.2,0.0384,3.65,3.02,9.91,–,–,–,99.1,–,6.23,–,–,–,–,–,–,–,–,–,–,–,–,–,–,–,–,–,–,–,–,–,–,–,–,–,–,–,–,–,–,–,–
HSS,HSS2-1/4X2-1/4X.188,HSS2-1/4X2-1/4X3/16,–,4.96,0.000,1.37,–,–,2.25,1.73,–,–,–,2.25,1.73,–,–,–,–,–,–,–,0.1875,0.174,–,–,–,–,–,–,–,–,–,–,9.93,–,9.93,–,0.953,1.04,0.847,0.835,0.953,1.04,0.847,0.835,–,–,–,1.60,–,1.48,–,–,–,–,–,–,–,–,–,–,–,–,–,–,–,–,–,–,–,–,–,–,–,–,–,–,–,–,–,–,–,–,HSS57.2X57.2X4.8,HSS57.2X57.2X4.8,7.35,884,–,–,57.2,43.9,–,–,–,57.2,43.9,–,–,–,–,–,–,–,4.76,4.42,–,–,–,–,–,–,–,–,–,–,9.93,–,9.93,–,0.397,17.0,13.9,21.2,0.397,17.0,13.9,21.2,–,–,–,666,–,24.3,–,–,–,–,–,–,–,–,–,–,–,–,–,–,–,–,–,–,–,–,–,–,–,–,–,–,–,–,–,–,–,–
HSS,HSS2-1/2X2-1/2X.313,HSS2-1/2X2-1/2X5/16,–,8.45,0.000,2.35,–,–,2.50,1.63,–,–,–,2.50,1.63,–,–,–,–,–,–,–,0.3125,0.291,–,–,–,–,–,–,–,–,–,–,5.59,–,5.59,–,1.82,1.88,1.46,0.880,1.82,1.88,1.46,0.880,–,–,–,3.20,–,2.74,–,–,–,–,–,–,–,–,–,–,–,–,–,–,–,–,–,–,–,–,–,–,–,–,–,–,–,–,–,–,–,–,HSS63.5X63.5X7.9,HSS63.5X63.5X7.9,12.5,1520,–,–,63.5,41.4,–,–,–,63.5,41.4,–,–,–,–,–,–,–,7.94,7.39,–,–,–,–,–,–,–,–,–,–,5.59,–,5.59,–,0.758,30.8,23.9,22.4,0.758,30.8,23.9,22.4,–,–,–,1330,–,44.9,–,–,–,–,–,–,–,–,–,–,–,–,–,–,–,–,–,–,–,–,–,–,–,–,–,–,–,–,–,–,–,–
HSS,HSS3-1/2X2X.125,HSS3-1/2X2X1/8,–,4.33,0.000,1.19,–,–,3.50,3.15,–,–,–,2.00,1.65,–,–,–,–,–,–,–,0.125,0.116,–,–,–,–,–,–,–,–,–,–,14.2,–,27.2,–,1.90,1.34,1.09,1.27,0.795,0.912,0.795,0.818,–,–,–,1.83,–,1.47,–,–,–,–,–,–,–,–,–,–,–,–,–,–,–,–,–,–,–,–,–,–,–,–,–,–,–,–,–,–,–,–,HSS88.9X50.8X3.2,HSS88.9X50.8X3.2,6.43,768,–,–,88.9,80.0,–,–,–,50.8,41.9,–,–,–,–,–,–,–,3.18,2.95,–,–,–,–,–,–,–,–,–,–,14.2,–,27.2,–,0.791,22.0,17.9,32.3,0.331,14.9,13.0,20.8,–,–,–,762,–,24.1,–,–,–,–,–,–,–,–,–,–,–,–,–,–,–,–,–,–,–,–,–,–,–,–,–,–,–,–,–,–,–,–
HSS,HSS3-1/2X2-1/2X.313,HSS3-1/2X2-1/2X5/16,–,10.58,0.000,2.94,–,–,3.50,2.63,–,–,–,2.50,1.63,–,–,–,–,–,–,–,0.3125,0.291,–,–,–,–,–,–,–,–,–,–,5.59,–,9.03,–,4.34,3.20,2.48,1.22,2.54,2.52,2.03,0.930,–,–,–,5.53,–,4.03,–,–,–,–,–,–,–,–,–,–,–,–,–,–,–,–,–,–,–,–,–,–,–,–,–,–,–,–,–,–,–,–,HSS88.9X63.5X7.9,HSS88.9X63.5X7.9,15.6,1900,–,–,88.9,66.8,–,–,–,63.5,41.4,–,–,–,–,–,–,–,7.94,7.39,–,–,–,–,–,–,–,–,–,–,5.59,–,9.03,–,1.81,52.5,40.7,30.9,1.06,41.4,33.3,23.6,–,–,–,2300,–,66.0,–,–,–,–,–,–,–,–,–,–,–,–,–,–,–,–,–,–,–,–,–,–,–,–,–,–,–,–,–,–,–,–
HSS,HSS4X4X.125,HSS4X4X1/8,–,6.46,0.000,1.77,–,–,4.00,3.65,–,–,–,4.00,3.65,–,–,–,–,–,–,–,0.125,0.116,–,–,–,–,–,–,–,–,–,–,31.5,–,31.5,–,4.40,2.56,2.20,1.58,4.40,2.56,2.20,1.58,–,–,–,6.91,–,3.49,–,–,–,–,–,–,–,–,–,–,–,–,–,–,–,–,–,–,–,–,–,–,–,–,–,–,–,–,–,–,–,–,HSS101.6X101.6X3.2,HSS101.6X101.6X3.2,9.59,1140,–,–,102,92.7,–,–,–,102,92.7,–,–,–,–,–,–,–,3.18,2.95,–,–,–,–,–,–,–,–,–,–,31.5,–,31.5,–,1.83,42.0,36.1,40.1,1.83,42.0,36.1,40.1,–,–,–,2880,–,57.2,–,–,–,–,–,–,–,–,–,–,–,–,–,–,–,–,–,–,–,–,–,–,–,–,–,–,–,–,–,–,–,–
HSS,HSS4X4X.250,HSS4X4X1/4,–,12.21,0.000,3.37,–,–,4.00,3.30,–,–,–,4.00,3.30,–,–,–,–,–,–,–,0.250,0.233,–,–,–,–,–,–,–,–,–,–,14.2,–,14.2,–,7.80,4.69,3.90,1.52,7.80,4.69,3.90,1.52,–,–,–,12.8,–,6.56,–,–,–,–,–,–,–,–,–,–,–,–,–,–,–,–,–,–,–,–,–,–,–,–,–,–,–,–,–,–,–,–,HSS101.6X101.6X6.4,HSS101.6X101.6X6.4,18.1,2170,–,–,102,83.8,–,–,–,102,83.8,–,–,–,–,–,–,–,6.35,5.92,–,–,–,–,–,–,–,–,–,–,14.2,–,14.2,–,3.25,76.9,63.9,38.6,3.25,76.9,63.9,38.6,–,–,–,5330,–,107,–,–,–,–,–,–,–,–,–,–,–,–,–,–,–,–,–,–,–,–,–,–,–,–,–,–,–,–,–,–,–,–
HSS,HSS6X3X.125,HSS6X3X1/8,–,7.31,0.000,2.00,–,–,6.00,5.65,–,–,–,3.00,2.65,–,–,–,–,–,–,–,0.125,0.116,–,–,–,–,–,–,–,–,–,–,22.9,–,48.7,–,9.43,3.87,3.14,2.17,3.23,2.40,2.15,1.27,–,–,–,7.73,–,3.93,–,–,–,–,–,–,–,–,–,–,–,–,–,–,–,–,–,–,–,–,–,–,–,–,–,–,–,–,–,–,–,–,HSS152.4X76.2X3.2,HSS152.4X76.2X3.2,10.9,1290,–,–,152,144,–,–,–,76.2,67.3,–,–,–,–,–,–,–,3.18,2.95,–,–,–,–,–,–,–,–,–,–,22.9,–,48.7,–,3.93,63.4,51.5,55.1,1.34,39.3,35.2,32.3,–,–,–,3220,–,64.4,–,–,–,–,–,–,–,–,–,–,–,–,–,–,–,–,–,–,–,–,–,–,–,–,–,–,–,–,–,–,–,–
HSS,HSS4X4X.500,HSS4X4X1/2,–,21.63,0.000,6.02,–,–,4.00,2.60,–,–,–,4.00,2.60,–,–,–,–,–,–,–,0.500,0.465,–,–,–,–,–,–,–,–,–,–,5.60,–,5.60,–,11.9,7.70,5.97,1.41,11.9,7.70,5.97,1.41,–,–,–,21.0,–,11.2,–,–,–,–,–,–,–,–,–,–,–,–,–,–,–,–,–,–,–,–,–,–,–,–,–,–,–,–,–,–,–,–,HSS101.6X101.6X12.7,HSS101.6X101.6X12.7,32.0,3880,–,–,102,66.0,–,–,–,102,66.0,–,–,–,–,–,–,–,12.7,11.8,–,–,–,–,–,–,–,–,–,–,5.60,–,5.60,–,4.95,126,97.8,35.8,4.95,126,97.8,35.8,–,–,–,8740,–,184,–,–,–,–,–,–,–,–,–,–,–,–,–,–,–,–,–,–,–,–,–,–,–,–,–,–,–,–,–,–,–,–
HSS,HSS5-1/2X5-1/2X.188,HSS5-1/2X5-1/2X3/16,–,13.25,0.000,3.63,–,–,5.50,4.98,–,–,–,5.50,4.98,–,–,–,–,–,–,–,0.1875,0.174,–,–,–,–,–,–,–,–,–,–,28.6,–,28.6,–,17.0,7.19,6.17,2.16,17.0,7.19,6.17,2.16,–,–,–,26.7,–,9.85,–,–,–,–,–,–,–,–,–,–,–,–,–,–,–,–,–,–,–,–,–,–,–,–,–,–,–,–,–,–,–,–,HSS139.7X139.7X4.8,HSS139.7X139.7X4.8,19.7,2340,–,–,140,126,–,–,–,140,126,–,–,–,–,–,–,–,4.76,4.42,–,–,–,–,–,–,–,–,–,–,28.6,–,28.6,–,7.08,118,101,54.9,7.08,118,101,54.9,–,–,–,11100,–,161,–,–,–,–,–,–,–,–,–,–,–,–,–,–,–,–,–,–,–,–,–,–,–,–,–,–,–,–,–,–,–,–
HSS,HSS6X3X.250,HSS6X3X1/4,–,13.91,0.000,3.84,–,–,6.00,5.30,–,–,–,3.00,2.30,–,–,–,–,–,–,–,0.250,0.233,–,–,–,–,–,–,–,–,–,–,9.88,–,22.8,–,17.0,7.19,5.66,2.10,5.70,4.41,3.80,1.22,–,–,–,14.2,–,7.39,–,–,–,–,–,–,–,–,–,–,–,–,–,–,–,–,–,–,–,–,–,–,–,–,–,–,–,–,–,–,–,–,HSS152.4X76.2X6.4,HSS152.4X76.2X6.4,20.7,2480,–,–,152,135,–,–,–,76.2,58.4,–,–,–,–,–,–,–,6.35,5.92,–,–,–,–,–,–,–,–,–,–,9.88,–,22.8,–,7.08,118,92.8,53.3,2.37,72.3,62.3,31.0,–,–,–,5910,–,121,–,–,–,–,–,–,–,–,–,–,–,–,–,–,–,–,–,–,–,–,–,–,–,–,–,–,–,–,–,–,–,–
HSS,HSS5-1/2X5-1/2X.313,HSS5-1/2X5-1/2X5/16,–,21.21,0.000,5.85,–,–,5.50,4.63,–,–,–,5.50,4.63,–,–,–,–,–,–,–,0.3125,0.291,–,–,–,–,–,–,–,–,–,–,15.9,–,15.9,–,25.9,11.3,9.43,2.11,25.9,11.3,9.43,2.11,–,–,–,42.2,–,15.7,–,–,–,–,–,–,–,–,–,–,–,–,–,–,–,–,–,–,–,–,–,–,–,–,–,–,–,–,–,–,–,–,HSS139.7X139.7X7.9,HSS139.7X139.7X7.9,31.5,3770,–,–,140,118,–,–,–,140,118,–,–,–,–,–,–,–,7.94,7.39,–,–,–,–,–,–,–,–,–,–,15.9,–,15.9,–,10.8,185,155,53.6,10.8,185,155,53.6,–,–,–,17600,–,257,–,–,–,–,–,–,–,–,–,–,–,–,–,–,–,–,–,–,–,–,–,–,–,–,–,–,–,–,–,–,–,–
HSS,HSS6X4X.375,HSS6X4X3/8,–,22.37,0.000,6.18,–,–,6.00,4.95,–,–,–,4.00,2.95,–,–,–,–,–,–,–,0.375,0.349,–,–,–,–,–,–,–,–,–,–,8.46,–,14.2,–,28.3,11.9,9.43,2.14,14.9,8.94,7.47,1.55,–,–,–,32.8,–,14.2,–,–,–,–,–,–,–,–,–,–,–,–,–,–,–,–,–,–,–,–,–,–,–,–,–,–,–,–,–,–,–,–,HSS152.4X101.6X9.5,HSS152.4X101.6X9.5,33.2,3990,–,–,152,126,–,–,–,102,74.9,–,–,–,–,–,–,–,9.53,8.86,–,–,–,–,–,–,–,–,–,–,8.46,–,14.2,–,11.8,195,155,54.4,6.20,147,122,39.4,–,–,–,13700,–,233,–,–,–,–,–,–,–,–,–,–,–,–,–,–,–,–,–,–,–,–,–,–,–,–,–,–,–,–,–,–,–,–
HSS,HSS6X6X.375,HSS6X6X3/8,–,27.48,0.000,7.58,–,–,6.00,4.95,–,–,–,6.00,4.95,–,–,–,–,–,–,–,0.375,0.349,–,–,–,–,–,–,–,–,–,–,14.2,–,14.2,–,39.5,15.8,13.2,2.28,39.5,15.8,13.2,2.28,–,–,–,64.6,–,22.1,–,–,–,–,–,–,–,–,–,–,–,–,–,–,–,–,–,–,–,–,–,–,–,–,–,–,–,–,–,–,–,–,HSS152.4X152.4X9.5,HSS152.4X152.4X9.5,40.8,4890,–,–,152,126,–,–,–,152,126,–,–,–,–,–,–,–,9.53,8.86,–,–,–,–,–,–,–,–,–,–,14.2,–,14.2,–,16.4,259,216,57.9,16.4,259,216,57.9,–,–,–,26900,–,362,–,–,–,–,–,–,–,–,–,–,–,–,–,–,–,–,–,–,–,–,–,–,–,–,–,–,–,–,–,–,–,–
HSS,HSS7X4X.375,HSS7X4X3/8,–,24.93,0.000,6.88,–,–,7.00,5.95,–,–,–,4.00,2.95,–,–,–,–,–,–,–,0.375,0.349,–,–,–,–,–,–,–,–,–,–,8.46,–,17.1,–,41.8,15.1,11.9,2.46,17.3,10.2,8.63,1.58,–,–,–,41.0,–,16.8,–,–,–,–,–,–,–,–,–,–,–,–,–,–,–,–,–,–,–,–,–,–,–,–,–,–,–,–,–,–,–,–,HSS177.8X101.6X9.5,HSS177.8X101.6X9.5,37.0,4440,–,–,178,151,–,–,–,102,74.9,–,–,–,–,–,–,–,9.53,8.86,–,–,–,–,–,–,–,–,–,–,8.46,–,17.1,–,17.4,247,195,62.5,7.20,167,141,40.1,–,–,–,17100,–,275,–,–,–,–,–,–,–,–,–,–,–,–,–,–,–,–,–,–,–,–,–,–,–,–,–,–,–,–,–,–,–,–
HSS,HSS7X7X.313,HSS7X7X5/16,–,27.59,0.000,7.59,–,–,7.00,6.13,–,–,–,7.00,6.13,–,–,–,–,–,–,–,0.3125,0.291,–,–,–,–,–,–,–,–,–,–,21.1,–,21.1,–,56.1,18.9,16.0,2.72,56.1,18.9,16.0,2.72,–,–,–,89.7,–,26.1,–,–,–,–,–,–,–,–,–,–,–,–,–,–,–,–,–,–,–,–,–,–,–,–,–,–,–,–,–,–,–,–,HSS177.8X177.8X7.9,HSS177.8X177.8X7.9,41.0,4900,–,–,178,156,–,–,–,178,156,–,–,–,–,–,–,–,7.94,7.39,–,–,–,–,–,–,–,–,–,–,21.1,–,21.1,–,23.4,310,262,69.1,23.4,310,262,69.1,–,–,–,37300,–,428,–,–,–,–,–,–,–,–,–,–,–,–,–,–,–,–,–,–,–,–,–,–,–,–,–,–,–,–,–,–,–,–
HSS,HSS10X2X.313,HSS10X2X5/16,–,23.34,0.790,6.43,–,–,10.0,9.13,–,–,–,2.00,1.13,–,–,–,–,–,–,–,0.3125,0.291,–,–,–,–,–,–,–,–,–,–,3.87,–,31.4,–,62.6,17.5,12.5,3.12,4.24,5.06,4.24,0.812,–,–,–,14.2,–,9.56,–,–,–,–,–,–,–,–,–,–,–,–,–,–,–,–,–,–,–,–,–,–,–,–,–,–,–,–,–,–,–,–,HSS254X50.8X7.9,HSS254X50.8X7.9,34.7,4150,–,–,254,232,–,–,–,50.8,28.7,–,–,–,–,–,–,–,7.94,7.39,–,–,–,–,–,–,–,–,–,–,3.87,–,31.4,–,26.1,287,205,79.2,1.76,82.9,69.5,20.6,–,–,–,5910,–,157,–,–,–,–,–,–,–,–,–,–,–,–,–,–,–,–,–,–,–,–,–,–,–,–,–,–,–,–,–,–,–,–
HSS,HSS12X2X.250,HSS12X2X1/4,–,22.42,0.040,6.17,–,–,12.0,11.3,–,–,–,2.00,1.30,–,–,–,–,–,–,–,0.250,0.233,–,–,–,–,–,–,–,–,–,–,5.58,–,48.5,–,86.9,20.1,14.5,3.75,4.41,5.08,4.41,0.845,–,–,–,15.1,–,9.64,–,–,–,–,–,–,–,–,–,–,–,–,–,–,–,–,–,–,–,–,–,–,–,–,–,–,–,–,–,–,–,–,HSS304.8X50.8X6.4,HSS304.8X50.8X6.4,33.3,3980,–,–,305,287,–,–,–,50.8,33.0,–,–,–,–,–,–,–,6.35,5.92,–,–,–,–,–,–,–,–,–,–,5.58,–,48.5,–,36.2,329,238,95.3,1.84,83.2,72.3,21.5,–,–,–,6290,–,158,–,–,–,–,–,–,–,–,–,–,–,–,–,–,–,–,–,–,–,–,–,–,–,–,–,–,–,–,–,–,–,–
HSS,HSS8X8X.375,HSS8X8X3/8,–,37.69,0.000,10.4,–,–,8.00,6.95,–,–,–,8.00,6.95,–,–,–,–,–,–,–,0.375,0.349,–,–,–,–,–,–,–,–,–,–,19.9,–,19.9,–,100,29.4,24.9,3.10,100,29.4,24.9,3.10,–,–,–,160,–,40.7,–,–,–,–,–,–,–,–,–,–,–,–,–,–,–,–,–,–,–,–,–,–,–,–,–,–,–,–,–,–,–,–,HSS203.2X203.2X9.5,HSS203.2X203.2X9.5,56.0,6710,–,–,203,177,–,–,–,203,177,–,–,–,–,–,–,–,9.53,8.86,–,–,–,–,–,–,–,–,–,–,19.9,–,19.9,–,41.6,482,408,78.7,41.6,482,408,78.7,–,–,–,66600,–,667,–,–,–,–,–,–,–,–,–,–,–,–,–,–,–,–,–,–,–,–,–,–,–,–,–,–,–,–,–,–,–,–
HSS,HSS10X5X.375,HSS10X5X3/8,–,35.13,0.050,9.67,–,–,10.0,8.95,–,–,–,5.00,3.95,–,–,–,–,–,–,–,0.375,0.349,–,–,–,–,–,–,–,–,–,–,11.3,–,25.7,–,120,30.4,24.1,3.53,40.6,18.7,16.2,2.05,–,–,–,100,–,31.2,–,–,–,–,–,–,–,–,–,–,–,–,–,–,–,–,–,–,–,–,–,–,–,–,–,–,–,–,–,–,–,–,HSS254X127X9.5,HSS254X127X9.5,52.2,6240,–,–,254,227,–,–,–,127,100,–,–,–,–,–,–,–,9.53,8.86,–,–,–,–,–,–,–,–,–,–,11.3,–,25.7,–,49.9,498,395,89.7,16.9,306,265,52.1,–,–,–,41600,–,511,–,–,–,–,–,–,–,–,–,–,–,–,–,–,–,–,–,–,–,–,–,–,–,–,–,–,–,–,–,–,–,–
HSS,HSS9X9X.375,HSS9X9X3/8,–,42.79,0.000,11.8,–,–,9.00,7.95,–,–,–,9.00,7.95,–,–,–,–,–,–,–,0.375,0.349,–,–,–,–,–,–,–,–,–,–,22.8,–,22.8,–,145,37.8,32.2,3.51,145,37.8,32.2,3.51,–,–,–,231,–,52.1,–,–,–,–,–,–,–,–,–,–,–,–,–,–,–,–,–,–,–,–,–,–,–,–,–,–,–,–,–,–,–,–,HSS228.6X228.6X9.5,HSS228.6X228.6X9.5,63.6,7610,–,–,229,202,–,–,–,229,202,–,–,–,–,–,–,–,9.53,8.86,–,–,–,–,–,–,–,–,–,–,22.8,–,22.8,–,60.4,619,528,89.2,60.4,619,528,89.2,–,–,–,96100,–,854,–,–,–,–,–,–,–,–,–,–,–,–,–,–,–,–,–,–,–,–,–,–,–,–,–,–,–,–,–,–,–,–
HSS,HSS12X6X.313,HSS12X6X5/16,–,36.10,0.000,9.92,–,–,12.0,11.1,–,–,–,6.00,5.13,–,–,–,–,–,–,–,0.3125,0.291,–,–,–,–,–,–,–,–,–,–,17.6,–,38.2,–,184,38.1,30.7,4.31,62.8,23.6,20.9,2.52,–,–,–,152,–,38.8,–,–,–,–,–,–,–,–,–,–,–,–,–,–,–,–,–,–,–,–,–,–,–,–,–,–,–,–,–,–,–,–,HSS304.8X152.4X7.9,HSS304.8X152.4X7.9,53.7,6400,–,–,305,282,–,–,–,152,130,–,–,–,–,–,–,–,7.94,7.39,–,–,–,–,–,–,–,–,–,–,17.6,–,38.2,–,76.6,624,503,109,26.1,387,342,64.0,–,–,–,63300,–,636,–,–,–,–,–,–,–,–,–,–,–,–,–,–,–,–,–,–,–,–,–,–,–,–,–,–,–,–,–,–,–,–
HSS,HSS12X12X.250,HSS12X12X1/4,–,39.43,0.000,10.8,–,–,12.0,11.3,–,–,–,12.0,11.3,–,–,–,–,–,–,–,0.250,0.233,–,–,–,–,–,–,–,–,–,–,48.5,–,48.5,–,248,47.6,41.4,4.79,248,47.6,41.4,4.79,–,–,–,384,–,64.5,–,–,–,–,–,–,–,–,–,–,–,–,–,–,–,–,–,–,–,–,–,–,–,–,–,–,–,–,–,–,–,–,HSS304.8X304.8X6.4,HSS304.8X304.8X6.4,58.6,6970,–,–,305,287,–,–,–,305,287,–,–,–,–,–,–,–,6.35,5.92,–,–,–,–,–,–,–,–,–,–,48.5,–,48.5,–,103,780,678,122,103,780,678,122,–,–,–,160000,–,1060,–,–,–,–,–,–,–,–,–,–,–,–,–,–,–,–,–,–,–,–,–,–,–,–,–,–,–,–,–,–,–,–
HSS,HSS16X4X.313,HSS16X4X5/16,–,40.35,0.920,11.1,–,–,16.0,15.1,–,–,–,4.00,3.13,–,–,–,–,–,–,–,0.3125,0.291,–,–,–,–,–,–,–,–,–,–,10.7,–,52.0,–,308,51.1,38.5,5.27,33.2,18.5,16.6,1.73,–,–,–,103,–,33.8,–,–,–,–,–,–,–,–,–,–,–,–,–,–,–,–,–,–,–,–,–,–,–,–,–,–,–,–,–,–,–,–,HSS406.4X101.6X7.9,HSS406.4X101.6X7.9,60.0,7160,–,–,406,384,–,–,–,102,79.5,–,–,–,–,–,–,–,7.94,7.39,–,–,–,–,–,–,–,–,–,–,10.7,–,52.0,–,128,837,631,134,13.8,303,272,43.9,–,–,–,42900,–,554,–,–,–,–,–,–,–,–,–,–,–,–,–,–,–,–,–,–,–,–,–,–,–,–,–,–,–,–,–,–,–,–
HSS,HSS14X12X.313,HSS14X12X5/16,–,53.11,0.000,14.6,–,–,14.0,13.1,–,–,–,12.0,11.1,–,–,–,–,–,–,–,0.3125,0.291,–,–,–,–,–,–,–,–,–,–,38.2,–,45.1,–,435,72.6,62.1,5.46,344,65.4,57.3,4.86,–,–,–,598,–,93.3,–,–,–,–,–,–,–,–,–,–,–,–,–,–,–,–,–,–,–,–,–,–,–,–,–,–,–,–,–,–,–,–,HSS355.6X304.8X7.9,HSS355.6X304.8X7.9,79,9420,–,–,356,333,–,–,–,305,282,–,–,–,–,–,–,–,7.95,7.39,–,–,–,–,–,–,–,–,–,–,38.2,–,45.1,–,181,1190,1020,139,143,1070,939,123,–,–,–,249000,–,1530,–,–,–,–,–,–,–,–,–,–,–,–,–,–,–,–,–,–,–,–,–,–,–,–,–,–,–,–,–,–,–,–
HSS,HSS12X12X.500,HSS12X12X1/2,–,76.07,0.000,20.9,–,–,12.0,10.6,–,–,–,12.0,10.6,–,–,–,–,–,–,–,0.500,0.465,–,–,–,–,–,–,–,–,–,–,22.8,–,22.8,–,457,89.6,76.2,4.68,457,89.6,76.2,4.68,–,–,–,728,–,123,–,–,–,–,–,–,–,–,–,–,–,–,–,–,–,–,–,–,–,–,–,–,–,–,–,–,–,–,–,–,–,–,HSS304.8X304.8X12.7,HSS304.8X304.8X12.7,113,13500,–,–,305,269,–,–,–,305,269,–,–,–,–,–,–,–,12.7,11.8,–,–,–,–,–,–,–,–,–,–,22.8,–,22.8,–,190,1470,1250,119,190,1470,1250,119,–,–,–,303000,–,2020,–,–,–,–,–,–,–,–,–,–,–,–,–,–,–,–,–,–,–,–,–,–,–,–,–,–,–,–,–,–,–,–
HSS,HSS16X12X.313,HSS16X12X5/16,–,57.36,0.000,15.7,–,–,16.0,15.1,–,–,–,12.0,11.1,–,–,–,–,–,–,–,0.3125,0.291,–,–,–,–,–,–,–,–,–,–,38.2,–,52.0,–,595,87.7,74.4,6.15,384,72.2,64.0,4.94,–,–,–,727,–,107,–,–,–,–,–,–,–,–,–,–,–,–,–,–,–,–,–,–,–,–,–,–,–,–,–,–,–,–,–,–,–,–,HSS406.4X304.8X7.9,HSS406.4X304.8X7.9,85.4,10100,–,–,406,384,–,–,–,305,282,–,–,–,–,–,–,–,7.94,7.39,–,–,–,–,–,–,–,–,–,–,38.2,–,52.0,–,248,1440,1220,156,160,1180,1050,125,–,–,–,303000,–,1750,–,–,–,–,–,–,–,–,–,–,–,–,–,–,–,–,–,–,–,–,–,–,–,–,–,–,–,–,–,–,–,–
HSS,HSS12X12X.875,HSS12X12X7/8,–,125.79,0.000,34.7,–,–,12.0,9.56,–,–,–,12.0,9.56,–,–,–,–,–,–,–,0.8750,0.814,–,–,–,–,–,–,–,–,–,–,11.7,–,11.7,–,706,143,118,4.51,706,143,118,4.51,–,–,–,1170,–,202,–,–,–,–,–,–,–,–,–,–,–,–,–,–,–,–,–,–,–,–,–,–,–,–,–,–,–,–,–,–,–,–,HSS304.8X304.8X22.2,HSS304.8X304.8X22.2,187,22400,–,–,305,243,–,–,–,305,243,–,–,–,–,–,–,–,22.2,20.7,–,–,–,–,–,–,–,–,–,–,11.7,–,11.7,–,294,2340,1930,115,294,2340,1930,115,–,–,–,487000,–,3310,–,–,–,–,–,–,–,–,–,–,–,–,–,–,–,–,–,–,–,–,–,–,–,–,–,–,–,–,–,–,–,–
HSS,HSS20X4X.500,HSS20X4X1/2,–,76.07,0.070,20.9,–,–,20.0,18.6,–,–,–,4.00,2.60,–,–,–,–,–,–,–,0.500,0.465,–,–,–,–,–,–,–,–,–,–,5.60,–,40.0,–,838,115,83.8,6.33,58.7,34.0,29.3,1.68,–,–,–,195,–,63.8,–,–,–,–,–,–,–,–,–,–,–,–,–,–,–,–,–,–,–,–,–,–,–,–,–,–,–,–,–,–,–,–,HSS508X101.6X12.7,HSS508X101.6X12.7,113,13500,–,–,508,472,–,–,–,102,66.0,–,–,–,–,–,–,–,12.7,11.8,–,–,–,–,–,–,–,–,–,–,5.60,–,40.0,–,349,1880,1370,161,24.4,557,480,42.7,–,–,–,81200,–,1050,–,–,–,–,–,–,–,–,–,–,–,–,–,–,–,–,–,–,–,–,–,–,–,–,–,–,–,–,–,–,–,–
HSS,HSS14X14X.750,HSS14X14X3/4,–,130.33,0.000,35.9,–,–,14.0,11.9,–,–,–,14.0,11.9,–,–,–,–,–,–,–,0.750,0.698,–,–,–,–,–,–,–,–,–,–,17.0,–,17.0,–,1040,177,149,5.38,1040,177,149,5.38,–,–,–,1680,–,246,–,–,–,–,–,–,–,–,–,–,–,–,–,–,–,–,–,–,–,–,–,–,–,–,–,–,–,–,–,–,–,–,HSS355.6X355.6X19.0,HSS355.6X355.6X19.0,194,23200,–,–,356,302,–,–,–,356,302,–,–,–,–,–,–,–,19.1,17.7,–,–,–,–,–,–,–,–,–,–,17.0,–,17.0,–,433,2900,2440,137,433,2900,2440,137,–,–,–,699000,–,4030,–,–,–,–,–,–,–,–,–,–,–,–,–,–,–,–,–,–,–,–,–,–,–,–,–,–,–,–,–,–,–,–
HSS,HSS20X12X.375,HSS20X12X3/8,–,78.52,0.000,21.5,–,–,20.0,19.0,–,–,–,12.0,11.0,–,–,–,–,–,–,–,0.375,0.349,–,–,–,–,–,–,–,–,–,–,31.4,–,54.3,–,1200,144,120,7.45,547,102,91.1,5.04,–,–,–,1180,–,160,–,–,–,–,–,–,–,–,–,–,–,–,–,–,–,–,–,–,–,–,–,–,–,–,–,–,–,–,–,–,–,–,HSS508X304.8X9.5,HSS508X304.8X9.5,117,13900,–,–,508,483,–,–,–,305,279,–,–,–,–,–,–,–,9.53,8.86,–,–,–,–,–,–,–,–,–,–,31.4,–,54.3,–,499,2360,1970,189,228,1670,1490,128,–,–,–,491000,–,2620,–,–,–,–,–,–,–,–,–,–,–,–,–,–,–,–,–,–,–,–,–,–,–,–,–,–,–,–,–,–,–,–
HSS,HSS16X16X.625,HSS16X16X5/8,–,127.37,0.000,35.0,–,–,16.0,14.3,–,–,–,16.0,14.3,–,–,–,–,–,–,–,0.625,0.581,–,–,–,–,–,–,–,–,–,–,24.5,–,24.5,–,1370,200,171,6.25,1370,200,171,6.25,–,–,–,2170,–,276,–,–,–,–,–,–,–,–,–,–,–,–,–,–,–,–,–,–,–,–,–,–,–,–,–,–,–,–,–,–,–,–,HSS406.4X406.4X15.9,HSS406.4X406.4X15.9,189,22600,–,–,406,363,–,–,–,406,363,–,–,–,–,–,–,–,15.9,14.8,–,–,–,–,–,–,–,–,–,–,24.5,–,24.5,–,570,3280,2800,159,570,3280,2800,159,–,–,–,903000,–,4520,–,–,–,–,–,–,–,–,–,–,–,–,–,–,–,–,–,–,–,–,–,–,–,–,–,–,–,–,–,–,–,–
HSS,HSS22X18X.313,HSS22X18X5/16,–,82.88,0.000,22.7,–,–,22.0,21.1,–,–,–,18.0,17.1,–,–,–,–,–,–,–,0.3125,0.291,–,–,–,–,–,–,–,–,–,–,58.9,–,72.6,–,1680,178,153,8.61,1240,156,138,7.40,–,–,–,2200,–,224,–,–,–,–,–,–,–,–,–,–,–,–,–,–,–,–,–,–,–,–,–,–,–,–,–,–,–,–,–,–,–,–,HSS558.8X457.2X7.9,HSS558.8X457.2X7.9,123,14600,–,–,559,536,–,–,–,457,434,–,–,–,–,–,–,–,7.95,7.39,–,–,–,–,–,–,–,–,–,–,58.9,–,72.6,–,699,2920,2510,219,516,2560,2260,188,–,–,–,916000,–,3670,–,–,–,–,–,–,–,–,–,–,–,–,–,–,–,–,–,–,–,–,–,–,–,–,–,–,–,–,–,–,–,–
HSS,HSS16X16X1,HSS16X16X1,–,195.40,0.000,53.8,–,–,16.0,13.2,–,–,–,16.0,13.2,–,–,–,–,–,–,–,1.00,0.930,–,–,–,–,–,–,–,–,–,–,14.2,–,14.2,–,1990,300,249,6.09,1990,300,249,6.09,–,–,–,3270,–,419,–,–,–,–,–,–,–,–,–,–,–,–,–,–,–,–,–,–,–,–,–,–,–,–,–,–,–,–,–,–,–,–,HSS406.4X406.4X25.4,HSS406.4X406.4X25.4,291,34700,–,–,406,335,–,–,–,406,335,–,–,–,–,–,–,–,25.4,23.6,–,–,–,–,–,–,–,–,–,–,14.2,–,14.2,–,828,4920,4080,155,828,4920,4080,155,–,–,–,1360000,–,6870,–,–,–,–,–,–,–,–,–,–,–,–,–,–,–,–,–,–,–,–,–,–,–,–,–,–,–,–,–,–,–,–
HSS,HSS20X16X.625,HSS20X16X5/8,–,144.39,0.000,39.6,–,–,20.0,18.3,–,–,–,16.0,14.3,–,–,–,–,–,–,–,0.625,0.581,–,–,–,–,–,–,–,–,–,–,24.5,–,31.4,–,2320,275,232,7.65,1640,236,206,6.44,–,–,–,3040,–,347,–,–,–,–,–,–,–,–,–,–,–,–,–,–,–,–,–,–,–,–,–,–,–,–,–,–,–,–,–,–,–,–,HSS508X406.4X15.9,HSS508X406.4X15.9,215,25500,–,–,508,465,–,–,–,406,363,–,–,–,–,–,–,–,15.9,14.8,–,–,–,–,–,–,–,–,–,–,24.5,–,31.4,–,966,4510,3800,194,683,3870,3380,164,–,–,–,1270000,–,5690,–,–,–,–,–,–,–,–,–,–,–,–,–,–,–,–,–,–,–,–,–,–,–,–,–,–,–,–,–,–,–,–
HSS,HSS22X22X.500,HSS22X22X1/2,–,144.13,0.000,39.5,–,–,22.0,20.6,–,–,–,22.0,20.6,–,–,–,–,–,–,–,0.500,0.465,–,–,–,–,–,–,–,–,–,–,44.3,–,44.3,–,3030,317,276,8.76,3030,317,276,8.76,–,–,–,4700,–,431,–,–,–,–,–,–,–,–,–,–,–,–,–,–,–,–,–,–,–,–,–,–,–,–,–,–,–,–,–,–,–,–,HSS558.8X558.8X12.7,HSS558.8X558.8X12.7,214,25500,–,–,559,523,–,–,–,559,523,–,–,–,–,–,–,–,12.7,11.8,–,–,–,–,–,–,–,–,–,–,44.3,–,44.3,–,1260,5190,4520,223,1260,5190,4520,223,–,–,–,1960000,–,7060,–,–,–,–,–,–,–,–,–,–,–,–,–,–,–,–,–,–,–,–,–,–,–,–,–,–,–,–,–,–,–,–
HSS,HSS24X12X.750,HSS24X12X3/4,–,171.16,0.790,47.1,–,–,24.0,21.9,–,–,–,12.0,9.91,–,–,–,–,–,–,–,0.750,0.698,–,–,–,–,–,–,–,–,–,–,14.2,–,31.4,–,3440,359,287,8.55,1170,221,195,4.98,–,–,–,2850,–,366,–,–,–,–,–,–,–,–,–,–,–,–,–,–,–,–,–,–,–,–,–,–,–,–,–,–,–,–,–,–,–,–,HSS609.6X304.8X19.0,HSS609.6X304.8X19.0,255,30400,–,–,610,556,–,–,–,305,252,–,–,–,–,–,–,–,19.1,17.7,–,–,–,–,–,–,–,–,–,–,14.2,–,31.4,–,1430,5880,4700,217,487,3620,3200,126,–,–,–,1190000,–,6000,–,–,–,–,–,–,–,–,–,–,–,–,–,–,–,–,–,–,–,–,–,–,–,–,–,–,–,–,–,–,–,–
HSS,HSS22X22X1,HSS22X22X1,–,277.07,0.000,76.2,–,–,22.0,19.2,–,–,–,22.0,19.2,–,–,–,–,–,–,–,1.00,0.930,–,–,–,–,–,–,–,–,–,–,20.7,–,20.7,–,5550,596,505,8.54,5550,596,505,8.54,–,–,–,8890,–,823,–,–,–,–,–,–,–,–,–,–,–,–,–,–,–,–,–,–,–,–,–,–,–,–,–,–,–,–,–,–,–,–,HSS558.8X558.8X25.4,HSS558.8X558.8X25.4,412,49200,–,–,559,488,–,–,–,559,488,–,–,–,–,–,–,–,25.4,23.6,–,–,–,–,–,–,–,–,–,–,20.7,–,20.7,–,2310,9770,8280,217,2310,9770,8280,217,–,–,–,3700000,–,13500,–,–,–,–,–,–,–,–,–,–,–,–,–,–,–,–,–,–,–,–,–,–,–,–,–,–,–,–,–,–,–,–
HSS,HSS34X10X1,HSS34X10X1,–,277.07,23.350,76.2,–,–,34.0,31.2,–,–,–,10.0,7.21,–,–,–,–,–,–,–,1.00,0.930,–,–,–,–,–,–,–,–,–,–,7.75,–,33.6,–,9600,750,565,11.2,1340,307,268,4.19,–,–,–,4040,–,555,–,–,–,–,–,–,–,–,–,–,–,–,–,–,–,–,–,–,–,–,–,–,–,–,–,–,–,–,–,–,–,–,HSS863.6X254X25.4,HSS863.6X254X25.4,412,49200,–,–,864,792,–,–,–,254,183,–,–,–,–,–,–,–,25.4,23.6,–,–,–,–,–,–,–,–,–,–,7.75,–,33.6,–,4000,12300,9260,284,558,5030,4390,106,–,–,–,1680000,–,9090,–,–,–,–,–,–,–,–,–,–,–,–,–,–,–,–,–,–,–,–,–,–,–,–,–,–,–,–,–,–,–,–
